symbol,signal,strategy,score,dte,expiration,underlying,longStrike,shortStrike,longBid,longAsk,longMid,shortBid,shortAsk,shortMid,debit,maxReward,rewardRisk,stopUnderlying,targetUnderlying,beginnerStrategy,beginnerAction,optionStrike,optionType,optionEntry,optionCost,optionStop,optionStopDollars,optionTarget1,optionTarget1Dollars,optionTarget2,optionTarget2Dollars,underlyingStop,underlyingTarget,longVolume,longOpenInterest,longSpreadPct,longDelta,longGamma,longTheta,longVega,probabilityItm,atmIv,ivHvRatio,marketRegime,marketScore,eventRisk,eventReason,reason,contracts,maxRiskDollars,riskPerContract,riskPerSpread,plannedCapital
NFLX,PUT_SETUP,PUT_DEBIT_SPREAD,102,35,2026-11-06,68.01,67,64,2.99,3.05,3.02,1.78,1.82,1.8,1.22,1.78,1.46,70.85,63.3,BUY_PUT,Buy the 67 PUT expiring 2026-11-06.,67,PUT,3.02,302,2.11,211.4,4.08,407.7,5.13,513.4,70.85,63.3,581,93,2,-0.42,0.0449,-0.045,0.082,46.7,41.3,1.15,RISK_OFF,47,CLEAR,No dated event in window,bear trend stack; ADX confirms bearish trend,3,1000,302,302,906
C,NO_TRADE,PUT_DEBIT_SPREAD,87,,,,,,,,,,,,,,,,,,,,,,,,,,,,,,,,,,,,,,,,,RISK_OFF,,CLEAR,,No liquid long option found,0,1000,,,
NVDA,WATCH,CALL_DEBIT_SPREAD,79,35,2026-11-06,231.61,230,240,10.35,10.5,10.43,5.6,5.8,5.7,4.73,5.27,1.12,223.51,245.09,BUY_CALL,Buy the 230 CALL expiring 2026-11-06.,230,CALL,10.43,1042.5,7.3,729.75,14.07,1407.38,17.72,1772.25,223.51,245.09,2073,1844,1.4,0.56,0.0166,-0.146,0.283,52.2,32.1,1.27,RISK_OFF,47,MANUAL_CHECK,Earnings/manual check,bull trend stack; ADX confirms bullish trend,0,250,1042.5,1042.5,0
PLTR,WATCH,CALL_DEBIT_SPREAD,72,35,2026-11-06,190.84,190,200,14.6,14.85,14.72,10.25,10.45,10.35,4.38,5.63,1.29,182.42,204.86,BUY_CALL,Buy the 190 CALL expiring 2026-11-06.,190,CALL,14.72,1472.5,10.31,1030.75,19.88,1987.88,25.03,2503.25,182.42,204.86,64,204,1.7,0.55,0.0113,-0.208,0.234,48.1,59.1,1.44,RISK_OFF,47,CLEAR,No dated event in window,bull trend stack; ADX confirms bullish trend,0,250,1472.5,1472.5,0
AVGO,PUT_SETUP,PUT_DEBIT_SPREAD,70,35,2026-11-06,345.76,340,325,11.65,11.8,11.73,6.4,6.55,6.47,5.25,9.75,1.86,359.97,322.06,BUY_PUT,Buy the 340 PUT expiring 2026-11-06.,340,PUT,11.73,1172.5,8.21,820.75,15.83,1582.88,19.93,1993.25,359.97,322.06,576,302,1.3,-0.4,0.0108,-0.181,0.414,44.1,39,1.23,RISK_OFF,47,CLEAR,No dated event in window,bear trend stack,0,1000,1172.5,1172.5,0
SNDK,WATCH,CALL_DEBIT_SPREAD,62,35,2026-11-06,1790.45,1800,1895,149.6,161.2,155.4,112.6,123.5,118.05,37.35,57.65,1.54,1653.81,2018.17,BUY_CALL,Buy the 1800 CALL expiring 2026-11-06.,1800,CALL,155.4,15540,108.78,10878,209.79,20979,264.18,26418,1653.81,2018.17,66,15,7.5,0.54,0.001,-2.301,2.2,45.4,70.3,0.94,RISK_OFF,47,CLEAR,No dated event in window,bull trend stack; ADX confirms bullish trend,0,250,15540,15540,0
INTC,WATCH,CALL_DEBIT_SPREAD,60,35,2026-11-06,120.27,120,126,11.2,11.45,11.32,8.7,8.9,8.8,2.52,3.48,1.38,111.24,135.32,BUY_CALL,Buy the 120 CALL expiring 2026-11-06.,120,CALL,11.32,1132.5,7.93,792.75,15.29,1528.88,19.25,1925.25,111.24,135.32,126,1390,2.2,0.56,0.0144,-0.161,0.147,46.5,73.1,0.99,RISK_OFF,47,CLEAR,No dated event in window,bull trend stack; ADX confirms bullish trend,0,250,1132.5,1132.5,0
TSM,WATCH,CALL_DEBIT_SPREAD,60,35,2026-11-06,458.44,460,485,18.7,19,18.85,9.35,9.65,9.5,9.35,15.65,1.67,444.12,482.31,BUY_CALL,Buy the 460 CALL expiring 2026-11-06.,460,CALL,18.85,1885,13.2,1319.5,25.45,2544.75,32.05,3204.5,444.12,482.31,315,11861,1.6,0.52,0.0083,-0.298,0.565,48.1,33.9,1.32,RISK_OFF,47,CLEAR,No dated event in window,bull trend stack; ADX confirms bullish trend,0,250,1885,1885,0
GOOGL,WATCH,PUT_DEBIT_SPREAD,59,35,2026-11-06,339.1,335,320,12.35,12.8,12.57,6.6,6.95,6.78,5.8,9.2,1.59,345.42,315.09,BUY_PUT,Buy the 335 PUT expiring 2026-11-06.,335,PUT,12.57,1257.5,8.8,880.25,16.98,1697.63,21.38,2137.75,345.42,315.09,87,785,3.6,-0.42,0.0108,-0.185,0.41,46.2,37.6,1.45,RISK_OFF,47,CLEAR,No dated event in window,bear trend stack,0,1000,1257.5,1257.5,0
MSFT,WATCH,CALL_DEBIT_SPREAD,57,35,2026-11-06,515.16,525,550,17.7,19.3,18.5,9.2,10,9.6,8.9,16.1,1.81,497.18,545.12,BUY_CALL,Buy the 525 CALL expiring 2026-11-06.,525,CALL,18.5,1850,12.95,1295,24.98,2497.5,31.45,3145,497.18,545.12,64,215,8.6,0.47,0.0069,-0.352,0.634,42.4,35.9,1.5,RISK_OFF,47,MANUAL_CHECK,Earnings/manual check,bull trend stack; ADX confirms bullish trend,0,250,1850,1850,0
AMD,WATCH,CALL_DEBIT_SPREAD,55,35,2026-11-06,616.49,610,640,47.5,48.2,47.85,34.4,35.05,34.72,13.13,16.87,1.29,582.2,673.63,BUY_CALL,Buy the 610 CALL expiring 2026-11-06.,610,CALL,47.85,4785,33.49,3349.5,64.6,6459.75,81.34,8134.5,582.2,673.63,63,91,1.5,0.57,0.0036,-0.647,0.751,49.7,56.9,1.05,RISK_OFF,47,MANUAL_CHECK,Earnings/manual check,bull trend stack; ADX confirms bullish trend,0,250,4785,4785,0
META,WATCH,CALL_DEBIT_SPREAD,55,35,2026-11-06,727.64,730,765,41.45,42.35,41.9,27.25,27.95,27.6,14.3,20.7,1.45,687.04,795.3,BUY_CALL,Buy the 730 CALL expiring 2026-11-06.,730,CALL,41.9,4190,29.33,2933,56.57,5656.5,71.23,7123,687.04,795.3,56,582,2.1,0.53,0.0038,-0.64,0.896,47.3,42.2,0.76,RISK_OFF,47,MANUAL_CHECK,Earnings/manual check,bull trend stack; ADX confirms bullish trend,0,250,4190,4190,0
ORCL,WATCH,PUT_DEBIT_SPREAD,55,35,2026-11-06,137.96,133,125,6.4,6.75,6.58,3.5,3.75,3.63,2.95,5.05,1.71,146.42,121.52,BUY_PUT,Buy the 133 PUT expiring 2026-11-06.,133,PUT,6.58,657.5,4.6,460.25,8.88,887.63,11.18,1117.75,146.42,121.52,20,205,5.3,-0.37,0.0171,-0.112,0.161,43,52.4,1.05,RISK_OFF,47,CLEAR,No dated event in window,bear trend stack,1,1000,657.5,657.5,657.5
MU,WATCH,CALL_DEBIT_SPREAD,50,35,2026-11-06,1089.32,1070,1125,80.8,87.3,84.05,57.15,61.35,59.25,24.8,30.2,1.22,1022.41,1200.83,BUY_CALL,Buy the 1070 CALL expiring 2026-11-06.,1070,CALL,84.05,8405,58.83,5883.5,113.47,11346.75,142.88,14288.5,1022.41,1200.83,146,443,7.7,0.58,0.0021,-1.076,1.315,51.8,53.7,1.08,RISK_OFF,47,CLEAR,No dated event in window,bull trend stack; ADX confirms bearish trend; volume expansion,0,250,8405,8405,0
MSTR,NO_TRADE,NONE,47,35,,160.38,,,,,,,,,,,,,,,,,,,,,,,,,,,,,,,,,,,,67.6,0.7,RISK_OFF,,CLEAR,No dated event in window,ADX confirms bullish trend; neutral technical regime,0,250,,,
COIN,NO_TRADE,NONE,45,35,,189.77,,,,,,,,,,,,,,,,,,,,,,,,,,,,,,,,,,,,66,0.79,RISK_OFF,,CLEAR,No dated event in window,ADX confirms bearish trend; neutral technical regime,0,250,,,
TSLA,NO_TRADE,NONE,44,35,,357.27,,,,,,,,,,,,,,,,,,,,,,,,,,,,,,,,,,,,45.4,1.13,RISK_OFF,,MANUAL_CHECK,Earnings/manual check,ADX confirms bearish trend; neutral technical regime,0,250,,,
AAPL,NO_TRADE,NONE,42,35,,329.59,,,,,,,,,,,,,,,,,,,,,,,,,,,,,,,,,,,,27.7,1.2,RISK_OFF,,MANUAL_CHECK,Earnings/manual check,ADX confirms bearish trend; neutral technical regime,0,250,,,
AMZN,PREMIUM_SELL_WATCH,IRON_CONDOR_WATCH,37,35,,248.56,,,,,,,,,,,,,,,,,,,,,,,,,,,,,,,,,,,,40.4,1.87,RISK_OFF,,MANUAL_CHECK,Earnings/manual check,bear trend stack; weak trend strength; neutral technical regime,0,250,,,
WDC,PREMIUM_SELL_WATCH,IRON_CONDOR_WATCH,32,35,,460.7,,,,,,,,,,,,,,,,,,,,,,,,,,,,,,,,,,,,75.1,1.56,RISK_OFF,,CLEAR,No dated event in window,weak trend strength; neutral technical regime,0,250,,,