symbol,name,sector,currentPrice,direction,decision,status,score,leapsOpportunityScore,underlyingScore,riskScore,riskLabel,eventRisk,eventRiskHeadline,earningsDate,preferredExpiryRange,preferredStrikeZone,preferredDelta,bestContractCandidate,optionLiquidityStatus,dcaSuitability,pullbackClassification,bullCase,bearCase,whyOpportunityExists,longTermThesis,catalysts,technicalSetup,invalidationLevel,finalResearchVerdict,best3Contracts,contractQualityReasons,contractQualityRisks,expiration,dte,strike,lastPrice,bid,ask,mid,delta,theta,vega,impliedVolatility,openInterest,volume,breakeven,breakevenMovePct,intrinsicValue,extrinsicValue,spreadPct,contractQualityScore,bucket,pullbackScore,starterPositionZone,addZone1,addZone2,stopAddingInvalidationLevel
NVDA,NVIDIA Corporation,Technology,229.62,CALL,A+ LEAPS Candidate,Ready for Starter,88,88,82,45,Medium Risk,Low Event Risk,Positive catalyst tape,Unavailable,12-24 months preferred; 6 months minimum,Balanced: near 210 strike,0.55-0.75,2027-12-17 210C near 53.35 mid,Good,DCA Allowed if Thesis Holds,Healthy Pullback,"Bull case: growth is strong enough to qualify as a growth-stock candidate, the chart trend is supportive, valuation is not fighting the story too hard, business quality is acceptable.",Bear case: the main risk is paying too much after a strong move.,NVIDIA Corporation clears the underlying-quality gate and has a healthy pullback setup with a usable long-dated call candidate.,"NVIDIA Corporation is a AI / semiconductor infrastructure candidate. Overall, I would treat it as a growth stock candidate with risk around 22/100. The key is whether revenue growth can stay ahead of the stock's valuation. Analyst tone is bullish.","Next earnings window shown by Yahoo: 2026-11-17.,Growth itself is a catalyst if management keeps beating expectations.,Analyst target is above current price, so estimate revisions matter.","Healthy Pullback. Price is -5.7% from 52-week high, 3.3% from 50-day, 12.5% from 200-day, RSI 47.6.",204.03,Research verdict: high-quality watchlist candidate for a starter only if live quotes confirm liquidity and thesis remains intact.,[object Object],"preferred 12-24 month expiration,delta is in the preferred LEAPS range,tight bid/ask spread,open interest is strong,IV is not extreme,premium has meaningful intrinsic support,breakeven move is reasonable",,2027-12-17,433,210,53.25,53,53.7,53.35,0.7,-0.057,0.8699,45.6,22527,65,263.35,14.7,19.62,33.73,1.3,100,Balanced,95,225.02-234.21,206.65-215.84,204.03-202.06,204.03
AMZN,"Amazon.com, Inc.",Consumer Cyclical,262.58,CALL,A+ LEAPS Candidate,Ready for Starter,85,85,74,45,Medium Risk,Low Event Risk,Positive catalyst tape,Unavailable,12-24 months preferred; 6 months minimum,Balanced: near 240 strike,0.55-0.75,2028-01-21 240C near 61.17 mid,Good,DCA Allowed if Thesis Holds,Healthy Pullback,"Bull case: the chart trend is supportive, valuation is not fighting the story too hard, business quality is acceptable.",Bear case: growth is not fully confirmed by the checklist.,"Amazon.com, Inc. clears the underlying-quality gate and has a healthy pullback setup with a usable long-dated call candidate.","Amazon.com, Inc. is a software / internet platform candidate. Overall, I would treat it as not yet a confirmed growth stock with risk around 32/100. The key is whether revenue growth can stay ahead of the stock's valuation. Analyst tone is bullish.","Next earnings window shown by Yahoo: 2026-10-29.,Analyst target is above current price, so estimate revisions matter.","Healthy Pullback. Price is -8.6% from 52-week high, 3.4% from 50-day, 7.4% from 200-day, RSI 66.8.",244.49,Research verdict: high-quality watchlist candidate for a starter only if live quotes confirm liquidity and thesis remains intact.,[object Object],"preferred 12-24 month expiration,delta is in the preferred LEAPS range,tight bid/ask spread,open interest is strong,IV is not extreme,premium has meaningful intrinsic support,breakeven move is reasonable",,2028-01-21,468,240,61,60.55,61.8,61.17,0.7,-0.0614,1.0294,44.1,2970,33,301.18,14.7,22.62,38.55,2,100,Balanced,100,257.33-267.84,244.49-246.83,244.49-231.07,244.49
GOOGL,Alphabet Inc.,Communication Services,352.78,CALL,A+ LEAPS Candidate,Ready for Starter,85,85,74,45,Medium Risk,Low Event Risk,Positive catalyst tape,Unavailable,12-24 months preferred; 6 months minimum,Balanced: near 320 strike,0.55-0.75,2028-01-21 320C near 80.65 mid,Good,DCA Allowed if Thesis Holds,Healthy Pullback,"Bull case: the chart trend is supportive, valuation is not fighting the story too hard, business quality is acceptable.",Bear case: growth is not fully confirmed by the checklist.,Alphabet Inc. clears the underlying-quality gate and has a healthy pullback setup with a usable long-dated call candidate.,"Alphabet Inc. is a software / internet platform candidate. Overall, I would treat it as not yet a confirmed growth stock with risk around 25/100. The key is whether revenue growth can stay ahead of the stock's valuation. Analyst tone is bullish.","Next earnings window shown by Yahoo: 2026-10-28.,Growth itself is a catalyst if management keeps beating expectations.,Analyst target is above current price, so estimate revisions matter.","Healthy Pullback. Price is -13.7% from 52-week high, 2% from 50-day, 6.9% from 200-day, RSI 63.9.",330.09,Research verdict: high-quality watchlist candidate for a starter only if live quotes confirm liquidity and thesis remains intact.,[object Object],"preferred 12-24 month expiration,delta is in the preferred LEAPS range,tight bid/ask spread,open interest is strong,IV is not extreme,premium has meaningful intrinsic support,breakeven move is reasonable",,2028-01-21,468,320,83.44,79.65,81.65,80.65,0.71,-0.0797,1.37,42.4,1169,15,400.65,13.6,32.72,47.93,2.5,100,Balanced,100,345.72-359.84,330.09-331.61,330.09-310.45,330.09
AMD,"Advanced Micro Devices, Inc.",Technology,606.63,CALL,Strong Watchlist Candidate,Watch for Pullback,81,81,76,45,Medium Risk,Medium Event Risk,Positive catalyst tape,Unavailable,12-24 months preferred; 6 months minimum,Balanced: near 530 strike,0.55-0.75,2027-12-17 530C near 190.48 mid,Good,DCA Allowed if Thesis Holds,Healthy Pullback,"Bull case: the chart trend is supportive, business quality is acceptable.","Bear case: growth is not fully confirmed by the checklist, valuation or missing valuation support can limit upside.","Advanced Micro Devices, Inc. clears the underlying-quality gate and has a healthy pullback setup with a usable long-dated call candidate.","Advanced Micro Devices, Inc. is a AI / semiconductor infrastructure candidate. Overall, I would treat it as not yet a confirmed growth stock with risk around 28/100. The key is whether revenue growth can stay ahead of the stock's valuation. Analyst tone is bullish.","Next earnings window shown by Yahoo: 2026-11-03.,Growth itself is a catalyst if management keeps beating expectations.,Analyst target is above current price, so estimate revisions matter.,Recent Yahoo headline catalyst: AMD Stocks Slide Lower Despite Street-High $800 AI Target,Recent Yahoo headline catalyst: This AI Stock Snatches Share, Eyes Entry As Funds Pile In. Earnings Are Soaring.","Healthy Pullback. Price is -7.9% from 52-week high, 10.1% from 50-day, 44.6% from 200-day, RSI 47.4.",419.49,"Research verdict: watchlist candidate; wait for a better entry, cleaner pullback, or tighter spread.",[object Object],"preferred 12-24 month expiration,delta is in the preferred LEAPS range,tight bid/ask spread,open interest is strong,premium has meaningful intrinsic support,breakeven move is reasonable",IV is elevated,2027-12-17,433,530,190.73,187.15,193.8,190.48,0.73,-0.1818,2.192,61.4,1483,5,720.48,18.8,76.63,113.85,3.5,94,Balanced,77,594.5-618.76,545.97-570.23,497.44-533.83,419.49
META,"Meta Platforms, Inc.",Communication Services,719.63,CALL,Strong Watchlist Candidate,Watch for Pullback,81,81,74,45,Medium Risk,Low Event Risk,Positive catalyst tape,Unavailable,12-24 months preferred; 6 months minimum,Balanced: near 650 strike,0.55-0.75,2028-01-21 650C near 184.32 mid,Good,DCA Allowed if Thesis Holds,Healthy Pullback,"Bull case: the chart trend is supportive, valuation is not fighting the story too hard, business quality is acceptable.",Bear case: growth is not fully confirmed by the checklist.,"Meta Platforms, Inc. clears the underlying-quality gate and has a healthy pullback setup with a usable long-dated call candidate.","Meta Platforms, Inc. is a software / internet platform candidate. Overall, I would treat it as not yet a confirmed growth stock with risk around 30/100. The key is whether revenue growth can stay ahead of the stock's valuation. Analyst tone is bullish.","Next earnings window shown by Yahoo: 2026-10-28.,Growth itself is a catalyst if management keeps beating expectations.,Analyst target is above current price, so estimate revisions matter.","Healthy Pullback. Price is -7.7% from 52-week high, 8% from 50-day, 12.8% from 200-day, RSI 49.8.",638.18,"Research verdict: watchlist candidate; wait for a better entry, cleaner pullback, or tighter spread.",[object Object],"preferred 12-24 month expiration,delta is in the preferred LEAPS range,tight bid/ask spread,open interest is strong,IV is not extreme,premium has meaningful intrinsic support,breakeven move is reasonable",,2028-01-21,468,650,185.5,183.5,185.15,184.32,0.71,-0.1779,2.7894,48.3,1921,4,834.33,15.9,69.63,114.7,0.9,100,Balanced,77,705.23-734.02,647.66-676.45,638.18-633.27,638.18
PLTR,Palantir Technologies Inc.,Technology,207.54,CALL,Strong Watchlist Candidate,Watch for Pullback,77,77,78,59,Medium Risk,Low Event Risk,Positive catalyst tape,Unavailable,12-24 months preferred; 6 months minimum,Balanced: near 185 strike,0.55-0.75,2027-12-17 185C near 64.15 mid,Good,DCA Allowed if Thesis Holds,Waiting for Reclaim,"Bull case: growth is strong enough to qualify as a growth-stock candidate, the chart trend is supportive, business quality is acceptable.",Bear case: valuation or missing valuation support can limit upside.,Palantir Technologies Inc. clears the underlying-quality gate and has a waiting for reclaim setup with a usable long-dated call candidate.,"Palantir Technologies Inc. is a software / internet platform candidate. Overall, I would treat it as a growth stock candidate with risk around 38/100. The key is whether revenue growth can stay ahead of the stock's valuation. Analyst tone is bullish.","Next earnings window shown by Yahoo: 2026-11-02.,Growth itself is a catalyst if management keeps beating expectations.,Recent Yahoo headline catalyst: Goldman Sachs Upgrades Palantir to Buy, Sees 18% Upside and Further Outperformance Into 2027","Waiting for Reclaim. Price is -0.4% from 52-week high, 18.1% from 50-day, 33.1% from 200-day, RSI 86.9.",155.95,"Research verdict: watchlist candidate; wait for a better entry, cleaner pullback, or tighter spread.",[object Object],"preferred 12-24 month expiration,delta is in the preferred LEAPS range,tight bid/ask spread,open interest is strong,premium has meaningful intrinsic support,breakeven move is reasonable",IV is elevated,2027-12-17,433,185,62.85,63.4,64.9,64.15,0.72,-0.0637,0.7629,62.2,2877,6,249.15,20,22.54,41.61,2.3,94,Balanced,57,203.39-211.69,186.79-195.09,170.18-182.64,155.95
SHOP,Shopify Inc.,Technology,170.35,CALL,Strong Watchlist Candidate,Watch for Pullback,76,76,80,59,Medium Risk,Low Event Risk,Positive catalyst tape,Unavailable,12-24 months preferred; 6 months minimum,Balanced: near 150 strike,0.55-0.75,2028-01-21 150C near 55.88 mid,Good,DCA Allowed if Thesis Holds,Waiting for Reclaim,"Bull case: growth is strong enough to qualify as a growth-stock candidate, the chart trend is supportive, business quality is acceptable.",Bear case: valuation or missing valuation support can limit upside.,Shopify Inc. clears the underlying-quality gate and has a waiting for reclaim setup with a usable long-dated call candidate.,"Shopify Inc. is a software / internet platform candidate. Overall, I would treat it as a growth stock candidate with risk around 38/100. The key is whether revenue growth can stay ahead of the stock's valuation. Analyst tone is bullish.","Next earnings window shown by Yahoo: 2026-11-03.,Growth itself is a catalyst if management keeps beating expectations.,Analyst target is above current price, so estimate revisions matter.,Recent Yahoo headline catalyst: Will Shopify (SHOP) Beat Estimates Again in Its Next Earnings Report?","Waiting for Reclaim. Price is -6.5% from 52-week high, 18.9% from 50-day, 28.6% from 200-day, RSI 83.",132.47,"Research verdict: watchlist candidate; wait for a better entry, cleaner pullback, or tighter spread.",[object Object],"preferred 12-24 month expiration,delta is in the preferred LEAPS range,tight bid/ask spread,open interest is strong,premium has meaningful intrinsic support,breakeven move is reasonable",IV is elevated,2028-01-21,468,150,55.25,54.45,57.3,55.88,0.73,-0.0505,0.6398,63.4,709,14,205.88,20.9,20.34,35.53,5.1,94,Balanced,49,166.94-173.75,153.31-160.12,139.68-149.9,132.47
HOOD,"Robinhood Markets, Inc.",Financial Services,109.44,,Avoid - weak underlying,Avoid,35,35,63,70,,,,,,,,,,DCA Rejected / Wait,Healthy Pullback,Bull case: business quality is acceptable.,"Bear case: growth is not fully confirmed by the checklist, the chart is not giving a clean confirmation, valuation or missing valuation support can limit upside.",,,,,,,,,,,,,,,,,,,,,,,,,,,,,,79,,,,
PYPL,"PayPal Holdings, Inc.",Financial Services,55.43,,Avoid - weak underlying,Avoid,35,35,63,70,,,,,,,,,,DCA Rejected / Wait,Deep Pullback but Thesis Intact,"Bull case: the chart trend is supportive, valuation is not fighting the story too hard.","Bear case: growth is not fully confirmed by the checklist, fundamental quality still needs proof.",,,,,,,,,,,,,,,,,,,,,,,,,,,,,,66,,,,
AAPL,Apple Inc.,Technology,336.72,,Avoid - weak underlying,Avoid,35,35,63,74,,,,,,,,,,DCA Rejected / Wait,Healthy Pullback,"Bull case: the chart trend is supportive, business quality is acceptable.","Bear case: growth is not fully confirmed by the checklist, valuation or missing valuation support can limit upside.",,,,,,,,,,,,,,,,,,,,,,,,,,,,,,100,,,,
ORCL,Oracle Corporation,Technology,142.08,,Avoid - weak underlying,Avoid,35,35,64,88,,,,,,,,,,DCA Rejected / Wait,Falling Knife / Do Not DCA,"Bull case: valuation is not fighting the story too hard, business quality is acceptable.","Bear case: growth is not fully confirmed by the checklist, the chart is not giving a clean confirmation.",,,,,,,,,,,,,,,,,,,,,,,,,,,,,,51,,,,
NFLX,"Netflix, Inc.",Communication Services,70.53,,Avoid - weak underlying,Avoid,34,34,61,89,,,,,,,,,,DCA Rejected / Wait,Falling Knife / Do Not DCA,"Bull case: valuation is not fighting the story too hard, business quality is acceptable.","Bear case: growth is not fully confirmed by the checklist, the chart is not giving a clean confirmation.",,,,,,,,,,,,,,,,,,,,,,,,,,,,,,51,,,,
DIS,The Walt Disney Company,Communication Services,108.23,,Avoid - weak underlying,Avoid,32,32,59,72,,,,,,,,,,DCA Rejected / Wait,Deep Pullback but Thesis Intact,"Bull case: the chart trend is supportive, valuation is not fighting the story too hard.","Bear case: growth is not fully confirmed by the checklist, fundamental quality still needs proof.",,,,,,,,,,,,,,,,,,,,,,,,,,,,,,66,,,,
WFC,Wells Fargo & Company,Financial Services,83.89,,Avoid - weak underlying,Avoid,32,32,59,72,,,,,,,,,,DCA Rejected / Wait,Healthy Pullback,"Bull case: valuation is not fighting the story too hard, business quality is acceptable.","Bear case: growth is not fully confirmed by the checklist, the chart is not giving a clean confirmation.",,,,,,,,,,,,,,,,,,,,,,,,,,,,,,100,,,,
UBER,"Uber Technologies, Inc.",Technology,71.44,,Avoid - weak underlying,Avoid,32,32,59,80,,,,,,,,,,DCA Rejected / Wait,Waiting for Reclaim,Bull case: valuation is not fighting the story too hard.,"Bear case: growth is not fully confirmed by the checklist, the chart is not giving a clean confirmation, fundamental quality still needs proof.",,,,,,,,,,,,,,,,,,,,,,,,,,,,,,32,,,,
PFE,Pfizer Inc.,Healthcare,28.23,,Avoid - weak underlying,Avoid,31,31,57,73,,,,,,,,,,DCA Rejected / Wait,Healthy Pullback,"Bull case: the chart trend is supportive, valuation is not fighting the story too hard.","Bear case: growth is not fully confirmed by the checklist, fundamental quality still needs proof.",,,,,,,,,,,,,,,,,,,,,,,,,,,,,,90,,,,
SNAP,Snap Inc.,Communication Services,6.27,,Avoid - weak underlying,Avoid,31,31,57,91,,,,,,,,,,DCA Rejected / Wait,Broken Chart / Avoid,"Bull case: the chart trend is supportive, valuation is not fighting the story too hard.","Bear case: growth is not fully confirmed by the checklist, fundamental quality still needs proof.",,,,,,,,,,,,,,,,,,,,,,,,,,,,,,36,,,,
SOFI,"SoFi Technologies, Inc.",Financial Services,15.84,,Avoid - weak underlying,Avoid,31,31,57,91,,,,,,,,,,DCA Rejected / Wait,Falling Knife / Do Not DCA,"Bull case: growth is strong enough to qualify as a growth-stock candidate, valuation is not fighting the story too hard, business quality is acceptable.",Bear case: the chart is not giving a clean confirmation.,,,,,,,,,,,,,,,,,,,,,,,,,,,,,,17,,,,
BAC,Bank of America Corporation,Financial Services,54.33,,Avoid - weak underlying,Avoid,30,30,54,82,,,,,,,,,,DCA Rejected / Wait,Waiting for Reclaim,"Bull case: valuation is not fighting the story too hard, business quality is acceptable.","Bear case: growth is not fully confirmed by the checklist, the chart is not giving a clean confirmation.",,,,,,,,,,,,,,,,,,,,,,,,,,,,,,52,,,,
RBLX,Roblox Corporation,Communication Services,48.01,,Avoid - weak underlying,Avoid,29,29,53,93,,,,,,,,,,DCA Rejected / Wait,Falling Knife / Do Not DCA,Bull case: valuation is not fighting the story too hard.,"Bear case: growth is not fully confirmed by the checklist, the chart is not giving a clean confirmation, fundamental quality still needs proof.",,,,,,,,,,,,,,,,,,,,,,,,,,,,,,4,,,,
C,Citigroup Inc.,Financial Services,129.87,,Avoid - weak underlying,Avoid,28,28,51,76,,,,,,,,,,DCA Rejected / Wait,Healthy Pullback,"Bull case: valuation is not fighting the story too hard, business quality is acceptable.","Bear case: growth is not fully confirmed by the checklist, the chart is not giving a clean confirmation.",,,,,,,,,,,,,,,,,,,,,,,,,,,,,,100,,,,
GM,General Motors Company,Consumer Cyclical,82.56,,Avoid - weak underlying,Avoid,28,28,51,76,,,,,,,,,,DCA Rejected / Wait,Healthy Pullback,Bull case: valuation is not fighting the story too hard.,"Bear case: growth is not fully confirmed by the checklist, the chart is not giving a clean confirmation, fundamental quality still needs proof.",,,,,,,,,,,,,,,,,,,,,,,,,,,,,,100,,,,
INTC,Intel Corporation,Technology,104.37,,Avoid - weak underlying,Avoid,28,28,50,77,,,,,,,,,,DCA Rejected / Wait,Healthy Pullback,Bull case: the setup needs more proof before it becomes compelling.,"Bear case: growth is not fully confirmed by the checklist, the chart is not giving a clean confirmation, valuation or missing valuation support can limit upside, fundamental quality still needs proof.",,,,,,,,,,,,,,,,,,,,,,,,,,,,,,96,,,,
T,AT&T Inc.,Communication Services,22.13,,Avoid - weak underlying,Avoid,28,28,50,84,,,,,,,,,,DCA Rejected / Wait,Waiting for Reclaim,Bull case: valuation is not fighting the story too hard.,"Bear case: growth is not fully confirmed by the checklist, the chart is not giving a clean confirmation, fundamental quality still needs proof.",,,,,,,,,,,,,,,,,,,,,,,,,,,,,,40,,,,
DKNG,DraftKings Inc.,Consumer Cyclical,19.55,,Avoid - weak underlying,Avoid,25,25,45,96,,,,,,,,,,DCA Rejected / Wait,Falling Knife / Do Not DCA,Bull case: valuation is not fighting the story too hard.,"Bear case: growth is not fully confirmed by the checklist, the chart is not giving a clean confirmation, fundamental quality still needs proof.",,,,,,,,,,,,,,,,,,,,,,,,,,,,,,10,,,,
RIVN,"Rivian Automotive, Inc.",Consumer Cyclical,13.97,,Avoid - weak underlying,Avoid,25,25,45,96,,,,,,,,,,DCA Rejected / Wait,Falling Knife / Do Not DCA,"Bull case: growth is strong enough to qualify as a growth-stock candidate, valuation is not fighting the story too hard.","Bear case: the chart is not giving a clean confirmation, fundamental quality still needs proof.",,,,,,,,,,,,,,,,,,,,,,,,,,,,,,19,,,,
COIN,"Coinbase Global, Inc.",Financial Services,181.55,,Avoid - weak underlying,Avoid,25,25,45,100,,,,,,,,,,DCA Rejected / Wait,Falling Knife / Do Not DCA,Bull case: the setup needs more proof before it becomes compelling.,"Bear case: growth is not fully confirmed by the checklist, the chart is not giving a clean confirmation, valuation or missing valuation support can limit upside, fundamental quality still needs proof.",,,,,,,,,,,,,,,,,,,,,,,,,,,,,,38,,,,
NKE,"NIKE, Inc.",Consumer Cyclical,34.76,,Avoid - weak underlying,Avoid,23,23,42,98,,,,,,,,,,DCA Rejected / Wait,Falling Knife / Do Not DCA,Bull case: valuation is not fighting the story too hard.,"Bear case: growth is not fully confirmed by the checklist, the chart is not giving a clean confirmation, fundamental quality still needs proof.",,,,,,,,,,,,,,,,,,,,,,,,,,,,,,4,,,,
F,Ford Motor Company,Consumer Cyclical,12.2,,Avoid - weak underlying,Avoid,19,19,35,93,,,,,,,,,,DCA Rejected / Wait,Waiting for Reclaim,Bull case: valuation is not fighting the story too hard.,"Bear case: growth is not fully confirmed by the checklist, the chart is not giving a clean confirmation, fundamental quality still needs proof.",,,,,,,,,,,,,,,,,,,,,,,,,,,,,,14,,,,
SQ,,,,CALL,ERROR,Avoid,0,0,,100,,,,,,,,,,,,,,,,,,,,,,,,,,,,,,,,,,,,,,,,,,,,,,,