symbol,name,market,theme,signal,setup,rating,score,conviction,clientAction,scoreSummary,close,buyZoneLow,buyZoneHigh,stop,target1,target2,doubleTarget,riskPct,return20,return60,return120,relativeStrength60,volumeRatio,atrPct,hv20,rsi14,adx14,ema20,ema50,high55,capitalPlan,shares,riskDollars,maxLossMindset,upsideGoal,riskClass,eventRisk,eventRiskReason,macroRead,entryPlan,managerRead,reason
AI,C3.ai,US,AI software,STARTER_BUY,Starter-only buy,B,71,Starter Only,Small starter only,developing setup. No local event warning.,11.02,10.81,11.12,9.81,13.42,15.83,22.03,10.92,6.53,23.35,28.38,18.53,0.7,4.55,45.35,61.4,22,10.6,10.27,11.17,500,45,54.15,This sleeve can go to zero. Still use stops so one bad idea does not waste the whole $5K.,100% moonshot target,High,CLEAR,No dated event in window,No dated macro/company event in the local calendar.,Starter only. Better entry is a pullback toward EMA20 near 10.6.,"Good chart, but not clean enough for full speculative size. I would nibble only or wait for a better entry.",price above rising short-term trend; positive 60-day trend; beating benchmark; near 55-day high; momentum RSI without total blow-off; trend strength confirmed by ADX/DMI; enough volatility for outsized move
BIG.V,Hercules Metals,Canada,junior miner,NO_EDGE,No technical edge,D,49,No Client Action,No buy,weak setup. No local event warning.,1.26,1.22,1.28,1.14,1.5,1.74,2.52,9.55,-19.75,113.56,80,113.06,0.22,7.59,95.06,34.6,33.1,1.35,1.2,1.57,0,0,0,This sleeve can go to zero. Still use stops so one bad idea does not waste the whole $5K.,100% moonshot target,Very High,CLEAR,No dated event in window,No dated macro/company event in the local calendar.,No buy until trend and momentum repair.,The chart does not justify risking speculative capital right now.,price above 50 EMA; major 60-day momentum; crushing its benchmark; enough volatility for outsized move
IONQ,IonQ,US,quantum computing,NO_EDGE,No technical edge,D,46,No Client Action,No buy,weak setup. No local event warning.,44.25,43.09,44.83,39.74,53.28,62.31,88.5,10.2,17.13,-2.45,57.59,-7.26,0.88,6.57,54.37,65.2,39,41.64,41.83,46.84,0,0,0,This sleeve can go to zero. Still use stops so one bad idea does not waste the whole $5K.,100% moonshot target,High,CLEAR,No dated event in window,No dated macro/company event in the local calendar.,No buy until trend and momentum repair.,The chart does not justify risking speculative capital right now.,price above 50 EMA; strong 20-day momentum; momentum RSI without total blow-off; trend strength confirmed by ADX/DMI; enough volatility for outsized move
HIMS,Hims & Hers Health,US,digital health,NO_EDGE,No technical edge,D,42,No Client Action,No buy,weak setup. No local event warning.,29.96,29.28,30.3,27.96,33.96,37.95,59.92,6.67,5.34,-17.17,51.7,-21.99,1.18,5.69,46.85,59.7,22.2,29,29.43,37.17,0,0,0,This sleeve can go to zero. Still use stops so one bad idea does not waste the whole $5K.,100% moonshot target,High,CLEAR,No dated event in window,No dated macro/company event in the local calendar.,No buy until trend and momentum repair.,The chart does not justify risking speculative capital right now.,price above 50 EMA; momentum RSI without total blow-off; MACD acceleration; trend strength confirmed by ADX/DMI; enough volatility for outsized move
HOOD,Robinhood Markets,US,retail trading,NO_EDGE,No technical edge,D,32,No Client Action,No buy,weak setup. Needs manual news/macro check.,112.44,109.92,113.71,103.08,131.18,149.92,224.89,8.33,8.63,-0.4,60.36,-5.22,1.28,5.62,77.09,40.5,18.2,114.75,108.5,124.72,0,0,0,This sleeve can go to zero. Still use stops so one bad idea does not waste the whole $5K.,100% moonshot target,Very High,MANUAL_CHECK,Earnings/manual news check,Manual macro/news check required before entry.,No buy until trend and momentum repair.,The chart does not justify risking speculative capital right now.,price above 50 EMA; strong 20-day momentum; above-normal volume; enough volatility for outsized move; manual macro/news check required
RKLB,Rocket Lab,US,space growth,NO_EDGE,No technical edge,D,26,No Client Action,No buy,weak setup. No local event warning.,70.32,68.74,71.1,68.55,73.85,77.39,140.63,2.52,12.43,-15.7,5.36,-20.52,0.89,5.6,52.74,53.7,27,69.06,72.15,82.83,0,0,0,This sleeve can go to zero. Still use stops so one bad idea does not waste the whole $5K.,100% moonshot target,High,CLEAR,No dated event in window,No dated macro/company event in the local calendar.,No buy until trend and momentum repair.,The chart does not justify risking speculative capital right now.,strong 20-day momentum; trend strength confirmed by ADX/DMI; enough volatility for outsized move
IREN,IREN,US/Canada,bitcoin miner,NO_EDGE,No technical edge,D,18,No Client Action,No buy,weak setup. No local event warning.,40.99,39.99,41.49,41.02,40.93,40.86,81.98,-0.08,11.33,2.95,10.6,-1.87,0.6,6.07,65.7,34.9,24.3,43.41,43.18,48.55,0,0,0,This sleeve can go to zero. Still use stops so one bad idea does not waste the whole $5K.,100% moonshot target,High,CLEAR,No dated event in window,No dated macro/company event in the local calendar.,No buy until trend and momentum repair.,The chart does not justify risking speculative capital right now.,strong 20-day momentum; enough volatility for outsized move
HUT.TO,Hut 8,Canada,bitcoin miner,NO_EDGE,No technical edge,D,14,No Client Action,No buy,weak setup. Needs manual news/macro check.,123.95,120.1,125.87,125,121.85,119.74,247.9,-0.85,14.8,-15.84,41.32,-16.34,0.72,7.76,84.85,37,29.5,131.85,131.58,165.71,0,0,0,This sleeve can go to zero. Still use stops so one bad idea does not waste the whole $5K.,100% moonshot target,Very High,MANUAL_CHECK,Bitcoin / miner regulatory news check,Manual macro/news check required before entry.,No buy until trend and momentum repair.,The chart does not justify risking speculative capital right now.,strong 20-day momentum; enough volatility for outsized move; manual macro/news check required
MARA,MARA Holdings,US,bitcoin miner,NO_EDGE,No technical edge,D,14,No Client Action,No buy,weak setup. Needs manual news/macro check.,11.48,11.16,11.63,11.17,12.08,12.69,22.95,2.65,12.17,-4.77,18.67,-9.59,0.7,6.95,77.52,37.5,24.4,12.02,11.76,13.63,0,0,0,This sleeve can go to zero. Still use stops so one bad idea does not waste the whole $5K.,100% moonshot target,Very High,MANUAL_CHECK,Bitcoin / miner regulatory news check,Manual macro/news check required before entry.,No buy until trend and momentum repair.,The chart does not justify risking speculative capital right now.,strong 20-day momentum; enough volatility for outsized move; manual macro/news check required
QUBT,Quantum Computing Inc,US,quantum computing,NO_EDGE,No technical edge,D,14,No Client Action,No buy,weak setup. No local event warning.,8.5,8.34,8.58,8.15,9.21,9.91,17,4.15,7.59,-2.19,25.37,-7,0.61,4.8,37.61,45.9,29.6,8.54,8.58,9.23,0,0,0,This sleeve can go to zero. Still use stops so one bad idea does not waste the whole $5K.,100% moonshot target,High,CLEAR,No dated event in window,No dated macro/company event in the local calendar.,No buy until trend and momentum repair.,The chart does not justify risking speculative capital right now.,trend strength confirmed by ADX/DMI; enough volatility for outsized move
RIOT,Riot Platforms,US,bitcoin miner,NO_EDGE,No technical edge,D,14,No Client Action,No buy,weak setup. Needs manual news/macro check.,20.32,19.76,20.59,20.51,19.93,19.55,40.63,-0.94,14.19,-4.04,21.72,-8.86,0.55,6.86,81.65,34.4,24.9,21.88,21.59,24.93,0,0,0,This sleeve can go to zero. Still use stops so one bad idea does not waste the whole $5K.,100% moonshot target,Very High,MANUAL_CHECK,Bitcoin / miner regulatory news check,Manual macro/news check required before entry.,No buy until trend and momentum repair.,The chart does not justify risking speculative capital right now.,strong 20-day momentum; enough volatility for outsized move; manual macro/news check required
VKTX,Viking Therapeutics,US,biotech momentum,NO_EDGE,No technical edge,D,14,No Client Action,No buy,weak setup. No local event warning.,32.84,31.56,33.48,32.02,34.48,36.12,65.68,2.5,-2.47,-22.05,-6.04,-26.87,0.73,9.78,129.28,46.5,31.5,33.63,33.71,41.65,0,0,0,This sleeve can go to zero. Still use stops so one bad idea does not waste the whole $5K.,100% moonshot target,Extreme,CLEAR,No dated event in window,No dated macro/company event in the local calendar.,No buy until trend and momentum repair.,The chart does not justify risking speculative capital right now.,trend strength confirmed by ADX/DMI; enough volatility for outsized move
LCID,Lucid,US,EV high beta,NO_EDGE,No technical edge,D,10,No Client Action,No buy,weak setup. Needs manual news/macro check.,4.14,4.04,4.19,4.81,2.8,1.45,8.28,-16.24,-9.01,-30.94,-52.79,-35.76,0.6,5.87,55.42,44.9,28.7,4.37,5.07,8.12,0,0,0,This sleeve can go to zero. Still use stops so one bad idea does not waste the whole $5K.,100% moonshot target,High,MANUAL_CHECK,Earnings/manual news check,Manual macro/news check required before entry.,No buy until trend and momentum repair.,The chart does not justify risking speculative capital right now.,MACD acceleration; enough volatility for outsized move; manual macro/news check required
QBTS,D-Wave Quantum,US/Canada,quantum computing,NO_EDGE,No technical edge,D,6,No Client Action,No buy,weak setup. No local event warning.,16.66,16.26,16.85,17.3,15.37,14.08,33.31,-3.86,0.7,-20.92,20.08,-25.73,0.63,5.93,53.95,43.4,18.6,17.21,18.21,21.83,0,0,0,This sleeve can go to zero. Still use stops so one bad idea does not waste the whole $5K.,100% moonshot target,High,CLEAR,No dated event in window,No dated macro/company event in the local calendar.,No buy until trend and momentum repair.,The chart does not justify risking speculative capital right now.,enough volatility for outsized move
RBLX,Roblox,US,consumer internet,NO_EDGE,No technical edge,D,6,No Client Action,No buy,weak setup. No local event warning.,42.48,41.46,42.99,42.58,42.28,42.08,84.96,-0.23,4.45,-25.09,-23,-29.91,0.95,6.03,74.59,36.6,36.4,45.12,44.82,57.07,0,0,0,This sleeve can go to zero. Still use stops so one bad idea does not waste the whole $5K.,100% moonshot target,High,CLEAR,No dated event in window,No dated macro/company event in the local calendar.,No buy until trend and momentum repair.,The chart does not justify risking speculative capital right now.,enough volatility for outsized move
RDDT,Reddit,US,social platform,NO_EDGE,No technical edge,D,6,No Client Action,No buy,weak setup. No local event warning.,143.4,140.58,144.81,149.52,131.16,118.91,286.8,-4.27,-0.86,-28.1,3.63,-32.92,0.65,4.92,54.42,34.7,14.1,151.94,157.39,198.03,0,0,0,This sleeve can go to zero. Still use stops so one bad idea does not waste the whole $5K.,100% moonshot target,High,CLEAR,No dated event in window,No dated macro/company event in the local calendar.,No buy until trend and momentum repair.,The chart does not justify risking speculative capital right now.,enough volatility for outsized move
AFRM,Affirm,US,fintech high beta,NO_EDGE,No technical edge,D,2,No Client Action,No buy,weak setup. Needs manual news/macro check.,69.47,68.17,70.12,68.94,70.53,71.59,138.94,0.76,-0.67,-16.92,41.75,-21.74,0.38,4.68,53.29,45.4,16.8,71.11,72.57,81.71,0,0,0,This sleeve can go to zero. Still use stops so one bad idea does not waste the whole $5K.,100% moonshot target,High,MANUAL_CHECK,Earnings/manual news check,Manual macro/news check required before entry.,No buy until trend and momentum repair.,The chart does not justify risking speculative capital right now.,enough volatility for outsized move; manual macro/news check required
RIVN,Rivian,US,EV high beta,NO_EDGE,No technical edge,D,2,No Client Action,No buy,weak setup. Needs manual news/macro check.,14.97,14.73,15.09,14.96,14.98,14.99,29.94,0.04,-3.64,-9.22,-1.77,-14.03,0.62,4.07,29.47,40.6,26.2,15.4,15.75,17.8,0,0,0,This sleeve can go to zero. Still use stops so one bad idea does not waste the whole $5K.,100% moonshot target,High,MANUAL_CHECK,Earnings/manual news check,Manual macro/news check required before entry.,No buy until trend and momentum repair.,The chart does not justify risking speculative capital right now.,enough volatility for outsized move; manual macro/news check required
UPST,Upstart,US,fintech high beta,NO_EDGE,No technical edge,D,2,No Client Action,No buy,weak setup. Needs manual news/macro check.,23.08,22.67,23.29,25.95,17.36,11.63,46.17,-12.4,-15.72,-30.17,-15.78,-34.99,0.59,4.48,41.31,26.2,33.6,25.31,27.31,31.59,0,0,0,This sleeve can go to zero. Still use stops so one bad idea does not waste the whole $5K.,100% moonshot target,High,MANUAL_CHECK,Earnings/manual news check,Manual macro/news check required before entry.,No buy until trend and momentum repair.,The chart does not justify risking speculative capital right now.,enough volatility for outsized move; manual macro/news check required
WULF,TeraWulf,US,bitcoin miner,NO_EDGE,No technical edge,D,2,No Client Action,No buy,weak setup. Needs manual news/macro check.,14.8,14.42,14.98,16.24,11.9,9,29.59,-9.79,0.99,-26.9,-22.25,-31.72,0.66,6.32,80.24,34.1,20,16.01,17.1,20.05,0,0,0,This sleeve can go to zero. Still use stops so one bad idea does not waste the whole $5K.,100% moonshot target,Very High,MANUAL_CHECK,Bitcoin / miner regulatory news check,Manual macro/news check required before entry.,No buy until trend and momentum repair.,The chart does not justify risking speculative capital right now.,enough volatility for outsized move; manual macro/news check required
BITF.TO,Bitfarms,Canada,bitcoin miner,ERROR,,,0,,,,,,,,,,,,,,,,,,,,,,,,,,,,,,,,,,,BITF.TO data request failed: 404
DM.V,Datametrex AI,,,SKIP,,,0,,,,,,,,,,,,,,,,,,,,,,,,,,,,,,,,,,,Not enough history
DMGI.V,DMG Blockchain,Canada,crypto high risk,SKIP,,,0,,,,0.5,,,,,,,,,,,,,,,,,,,,,,,,,,,,,,,Too illiquid or too low-priced for this system
ELEM.CN,Element79 Gold,Canada,junior miner,SKIP,,,0,,,,0.02,,,,,,,,,,,,,,,,,,,,,,,,,,,,,,,Too illiquid or too low-priced for this system
GLXY.TO,Galaxy Digital,Canada,crypto platform,ERROR,,,0,,,,,,,,,,,,,,,,,,,,,,,,,,,,,,,,,,,GLXY.TO data request failed: 404
GRAT.V,Gratomic,Canada,battery metals,ERROR,,,0,,,,,,,,,,,,,,,,,,,,,,,,,,,,,,,,,,,GRAT.V data request failed: 404
HIVE.V,HIVE Digital,Canada,bitcoin miner,ERROR,,,0,,,,,,,,,,,,,,,,,,,,,,,,,,,,,,,,,,,HIVE.V data request failed: 404
MDMA.NE,PharmAla Biotech,,,SKIP,,,0,,,,,,,,,,,,,,,,,,,,,,,,,,,,,,,,,,,Not enough history
NGEN.V,NervGen Pharma,Canada,biotech high risk,ERROR,,,0,,,,,,,,,,,,,,,,,,,,,,,,,,,,,,,,,,,NGEN.V data request failed: 404
NILI.CN,Surge Battery Metals CSE,Canada,battery metals,ERROR,,,0,,,,,,,,,,,,,,,,,,,,,,,,,,,,,,,,,,,NILI.CN data request failed: 404
NILI.V,Surge Battery Metals,Canada,battery metals,SKIP,,,0,,,,0.73,,,,,,,,,,,,,,,,,,,,,,,,,,,,,,,Too illiquid or too low-priced for this system
SOFI,SoFi Technologies,US,fintech growth,NO_EDGE,No technical edge,D,0,No Client Action,No buy,weak setup. Needs manual news/macro check.,15.8,15.57,15.92,16.46,14.48,13.15,31.6,-4.19,-7.33,-10.99,-2.89,-15.8,0.77,3.7,37.22,26.5,22,16.89,17.33,19.18,0,0,0,This sleeve can go to zero. Still use stops so one bad idea does not waste the whole $5K.,100% moonshot target,High,MANUAL_CHECK,Earnings/manual news check,Manual macro/news check required before entry.,No buy until trend and momentum repair.,The chart does not justify risking speculative capital right now.,manual macro/news check required