symbol,signal,setup,score,close,rsi14,ema20,ema50,high55,buyZoneLow,buyZoneHigh,stop,target1,target,riskPct,rewardRisk,avgVolume20,relativeStrength60,entryPlan,holdPlan,sizePlan,reason,marketRegime,marketScore
PLTR,BUY_SETUP,Breakout trend,95,192.94,71,184.19,172.56,192.94,190.15,194.33,181.79,209.67,226.4,5.78,3,21975711,0.4155,Buy zone 190.15-194.33 if price holds above EMA20.,Plan for 2-8 weeks. Stay only while price respects the stop and trend stays intact.,Normal starter position. Add only after the setup proves itself.,stacked uptrend; rising 50 EMA; constructive RSI; MACD improving; 55-day breakout; outperforming benchmark,MIXED,57
AMD,BUY_SETUP,Breakout trend,85,650.84,78.7,588.21,541.96,650.84,639.07,656.72,603.76,721.45,792.06,7.23,3,21986554,0.1497,"Extended move. Starter only near 639.07-656.72, or wait for a pullback toward EMA20.",Plan for 2-8 weeks. Stay only while price respects the stop and trend stays intact.,Starter size only. Add later only if the stock holds trend and risk tightens.,stacked uptrend; rising 50 EMA; extended RSI; MACD improving; 55-day breakout; outperforming benchmark,MIXED,57
ANET,BUY_SETUP,Breakout trend,85,215.65,77.7,202.8,194.42,215.65,212.5,217.23,203.03,234.58,253.51,5.85,3,4796269,0.1222,"Extended move. Starter only near 212.50-217.23, or wait for a pullback toward EMA20.",Plan for 2-8 weeks. Stay only while price respects the stop and trend stays intact.,Starter size only. Add later only if the stock holds trend and risk tightens.,stacked uptrend; rising 50 EMA; extended RSI; MACD improving; 55-day breakout; outperforming benchmark,MIXED,57
CRWD,BUY_SETUP,Breakout trend,85,278.86,80.3,251.83,228.36,278.86,273.51,281.53,257.49,310.9,342.94,7.66,3,10327606,0.4157,"Extended move. Starter only near 273.51-281.53, or wait for a pullback toward EMA20.",Plan for 2-8 weeks. Stay only while price respects the stop and trend stays intact.,Starter size only. Add later only if the stock holds trend and risk tightens.,stacked uptrend; rising 50 EMA; extended RSI; MACD improving; 55-day breakout; outperforming benchmark,MIXED,57
MSFT,BUY_SETUP,Breakout trend,85,531.02,77.2,507.88,486.79,531.02,525.08,533.99,507.25,566.68,602.34,4.48,3,21421309,0.2899,"Extended move. Starter only near 525.08-533.99, or wait for a pullback toward EMA20.",Plan for 2-8 weeks. Stay only while price respects the stop and trend stays intact.,Starter size only. Add later only if the stock holds trend and risk tightens.,stacked uptrend; rising 50 EMA; extended RSI; MACD improving; 55-day breakout; outperforming benchmark,MIXED,57
NVDA,BUY_SETUP,Breakout trend,85,239.1,78.2,227.46,220.97,239.1,236.34,240.48,228.06,255.66,272.23,4.62,3,107230200,0.1065,"Extended move. Starter only near 236.34-240.48, or wait for a pullback toward EMA20.",Plan for 2-8 weeks. Stay only while price respects the stop and trend stays intact.,Starter size only. Add later only if the stock holds trend and risk tightens.,stacked uptrend; rising 50 EMA; extended RSI; MACD improving; 55-day breakout; outperforming benchmark,MIXED,57
PANW,BUY_SETUP,Breakout trend,85,419.83,76.3,384.7,363.32,419.83,411.43,424.02,386.25,470.18,520.54,8,3,6112193,0.2028,"Extended move. Starter only near 411.43-424.02, or wait for a pullback toward EMA20.",Plan for 2-8 weeks. Stay only while price respects the stop and trend stays intact.,Starter size only. Add later only if the stock holds trend and risk tightens.,stacked uptrend; rising 50 EMA; extended RSI; MACD improving; 55-day breakout; outperforming benchmark,MIXED,57
SHOP,BUY_SETUP,Breakout trend,85,164.34,82.3,146.2,140.22,164.34,160.91,166.06,150.62,184.92,205.5,8.35,3,10249310,0.2492,"Extended move. Starter only near 160.91-166.06, or wait for a pullback toward EMA20.",Plan for 2-8 weeks. Stay only while price respects the stop and trend stays intact.,Starter size only. Add later only if the stock holds trend and risk tightens.,stacked uptrend; rising 50 EMA; extended RSI; MACD improving; 55-day breakout; outperforming benchmark,MIXED,57
NTNX,BUY_SETUP,Trend continuation,80,73.18,76.5,69.82,65.97,73.41,72.27,73.64,69.53,78.67,84.15,5,3,2414746,0.2571,"Extended move. Starter only near 72.27-73.64, or wait for a pullback toward EMA20.",Plan for 2-8 weeks. Stay only while price respects the stop and trend stays intact.,Starter size only. Add later only if the stock holds trend and risk tightens.,stacked uptrend; rising 50 EMA; extended RSI; MACD improving; near 55-day high; outperforming benchmark,MIXED,57
TSM,BUY_SETUP,Trend continuation,80,482.04,79.8,451.43,435.91,485.8,477,484.56,461.88,512.28,542.51,4.18,3,9782150,0.0752,"Extended move. Starter only near 477.00-484.56, or wait for a pullback toward EMA20.",Plan for 2-8 weeks. Stay only while price respects the stop and trend stays intact.,Starter size only. Add later only if the stock holds trend and risk tightens.,stacked uptrend; rising 50 EMA; extended RSI; MACD improving; near 55-day high; outperforming benchmark,MIXED,57
DELL,BUY_SETUP,Trend continuation,75,574.98,62.9,542.27,501.02,588.4,561.53,581.71,521.18,655.7,736.41,9.36,3,8087467,0.278,Buy zone 561.53-581.71 if price holds above EMA20.,Plan for 2-8 weeks. Stay only while price respects the stop and trend stays intact.,Normal starter position. Add only after the setup proves itself.,stacked uptrend; rising 50 EMA; constructive RSI; near 55-day high; outperforming benchmark,MIXED,57
NET,BUY_SETUP,Trend continuation,75,355.79,62.1,339.32,314.11,359.49,348.07,359.65,324.91,402.12,448.44,8.68,3,3163760,0.2518,Buy zone 348.07-359.65 if price holds above EMA20.,Plan for 2-8 weeks. Stay only while price respects the stop and trend stays intact.,Normal starter position. Add only after the setup proves itself.,stacked uptrend; rising 50 EMA; constructive RSI; near 55-day high; outperforming benchmark,MIXED,57
SMCI,BUY_SETUP,Trend continuation,75,43.42,64.8,40.86,37.91,43.69,42.39,43.94,39.29,49.61,55.81,9.51,3,35979844,0.5015,Buy zone 42.39-43.94 if price holds above EMA20.,Plan for 2-8 weeks. Stay only while price respects the stop and trend stays intact.,Normal starter position. Add only after the setup proves itself.,stacked uptrend; rising 50 EMA; constructive RSI; near 55-day high; outperforming benchmark,MIXED,57
TEAM,BUY_SETUP,Trend continuation,75,192.6,56.9,185.89,166.9,196.65,188,194.9,174.22,220.18,247.75,9.55,3,3003523,0.9347,Buy zone 188.00-194.90 if price holds above EMA20.,Plan for 2-8 weeks. Stay only while price respects the stop and trend stays intact.,Normal starter position. Add only after the setup proves itself.,stacked uptrend; rising 50 EMA; constructive RSI; near 55-day high; outperforming benchmark,MIXED,57
AI,WATCH,Watch for breakout,70,11.32,67.9,10.78,10.4,11.32,11.09,11.44,10.4,12.71,14.1,8.17,3,4491101,0.1681,Wait for a close above 11.32 or a calm pullback near EMA20.,Plan for 2-8 weeks. Stay only while price respects the stop and trend stays intact.,No position yet. Keep it on watch.,rising 50 EMA; constructive RSI; MACD improving; 55-day breakout; outperforming benchmark,MIXED,57
AAPL,WATCH,Watch for breakout,65,334.19,52.8,331.73,324.31,341.07,331.1,335.74,324.31,349.01,363.83,2.96,3,41062790,-0.015,Wait for a close above 341.07 or a calm pullback near EMA20.,Plan for 2-8 weeks. Stay only while price respects the stop and trend stays intact.,No position yet. Keep it on watch.,stacked uptrend; rising 50 EMA; constructive RSI; near 55-day high,MIXED,57
ELF,WATCH,Watch for breakout,65,102.51,54.8,101,95.79,109.67,100.66,103.43,95.79,112.59,122.68,6.56,3,1335961,0.2967,Wait for a close above 109.67 or a calm pullback near EMA20.,Plan for 2-8 weeks. Stay only while price respects the stop and trend stays intact.,No position yet. Keep it on watch.,stacked uptrend; rising 50 EMA; constructive RSI; outperforming benchmark,MIXED,57
META,WATCH,Watch for breakout,65,741.82,62.4,705.19,659.4,777.59,730.37,747.55,696.02,810.53,879.25,6.17,3,23068736,0.0613,Wait for a close above 777.59 or a calm pullback near EMA20.,Plan for 2-8 weeks. Stay only while price respects the stop and trend stays intact.,No position yet. Keep it on watch.,stacked uptrend; rising 50 EMA; constructive RSI; outperforming benchmark,MIXED,57
NOW,WATCH,Watch for breakout,65,138.16,56,135.52,129.73,147.99,135.42,139.53,129.73,150.8,163.44,6.1,3,11209198,0.1735,Wait for a close above 147.99 or a calm pullback near EMA20.,Plan for 2-8 weeks. Stay only while price respects the stop and trend stays intact.,No position yet. Keep it on watch.,stacked uptrend; rising 50 EMA; constructive RSI; outperforming benchmark,MIXED,57
ARM,WATCH,Watch for breakout,55,303.19,57.2,289.03,279.27,333.2,294.77,307.4,279.27,339.07,374.94,7.89,3,5770855,-0.0542,Wait for a close above 333.20 or a calm pullback near EMA20.,Plan for 2-8 weeks. Stay only while price respects the stop and trend stays intact.,No position yet. Keep it on watch.,stacked uptrend; rising 50 EMA; constructive RSI,MIXED,57
DDOG,WATCH,Watch for breakout,55,278.1,83.9,257.36,246.42,288.15,272.85,280.72,257.1,309.6,341.09,7.55,3,3119553,0.0004,Wait for a close above 288.15 or a calm pullback near EMA20.,Plan for 2-8 weeks. Stay only while price respects the stop and trend stays intact.,No position yet. Keep it on watch.,stacked uptrend; rising 50 EMA; extended RSI; outperforming benchmark,MIXED,57
GWRE,WATCH,Watch for breakout,55,163.39,66,155.17,157.41,205.85,159.54,165.31,157.41,172.35,181.32,3.66,3,1372018,0.0963,Wait for a close above 205.85 or a calm pullback near EMA20.,Plan for 2-8 weeks. Stay only while price respects the stop and trend stays intact.,No position yet. Keep it on watch.,primary trend up; constructive RSI; MACD improving; outperforming benchmark,MIXED,57
PYPL,WATCH,Watch for breakout,55,54.46,57.7,53.94,54.16,62.3,53.73,54.82,54.16,54.9,55.34,0.54,3,11503539,0.0746,Wait for a close above 62.30 or a calm pullback near EMA20.,Plan for 2-8 weeks. Stay only while price respects the stop and trend stays intact.,No position yet. Keep it on watch.,primary trend up; constructive RSI; MACD improving; outperforming benchmark,MIXED,57
INTC,HOLD_TREND,Existing uptrend,50,113.54,45.3,113.07,107.01,127.39,110.65,114.99,107.01,123.34,133.13,5.75,3,108418268,0.0328,"Good existing trend, but wait for a cleaner entry before starting new size.",Plan for 2-8 weeks. Stay only while price respects the stop and trend stays intact.,No position.,stacked uptrend; rising 50 EMA; outperforming benchmark,MIXED,57
MSTR,HOLD_TREND,Existing uptrend,50,164.14,67,151.23,135.88,168.5,159.74,166.34,146.55,190.52,216.9,10.71,3,22020461,0.714,"Good existing trend, but wait for a cleaner entry before starting new size.",Plan for 2-8 weeks. Stay only while price respects the stop and trend stays intact.,No position.,rising 50 EMA; constructive RSI; near 55-day high; outperforming benchmark,MIXED,57
MU,HOLD_TREND,Existing uptrend,50,1049.32,49.6,1036.49,987.36,1097.39,1029.83,1059.07,987.36,1142.26,1235.19,5.9,3,25025627,0.0516,"Good existing trend, but wait for a cleaner entry before starting new size.",Plan for 2-8 weeks. Stay only while price respects the stop and trend stays intact.,No position.,stacked uptrend; rising 50 EMA; outperforming benchmark,MIXED,57
SNOW,HOLD_TREND,Existing uptrend,50,335.4,49.4,334.13,318.55,356.47,328.98,338.61,318.55,360.68,385.96,5.02,3,4042672,0.1802,"Good existing trend, but wait for a cleaner entry before starting new size.",Plan for 2-8 weeks. Stay only while price respects the stop and trend stays intact.,No position.,stacked uptrend; rising 50 EMA; outperforming benchmark,MIXED,57
AFRM,NO_SETUP,No clean setup,45,74.72,65.3,71.68,72.59,78.47,73.12,75.53,72.59,77.93,81.13,2.86,3,3980180,-0.1562,"No new buy until trend, momentum, and relative strength improve.",No swing hold plan right now.,No position.,primary trend up; constructive RSI; MACD improving,MIXED,57
AMZN,NO_SETUP,No clean setup,45,256.52,64.5,252.18,253.45,284.02,253.89,257.84,253.45,261.14,265.75,1.2,3,35320899,-0.031,"No new buy until trend, momentum, and relative strength improve.",No swing hold plan right now.,No position.,primary trend up; constructive RSI; MACD improving,MIXED,57
FLEX,NO_SETUP,No clean setup,45,121.05,71.2,113.71,115.71,130,118.48,122.34,115.71,129.06,137.07,4.41,3,3089404,-0.1335,"No new buy until trend, momentum, and relative strength improve.",No swing hold plan right now.,No position.,primary trend up; constructive RSI; MACD improving,MIXED,57
GOOGL,NO_SETUP,No clean setup,45,348.14,58.2,343.94,345.46,377.65,344.01,350.2,345.46,352.15,356.17,0.77,3,26943276,-0.0806,"No new buy until trend, momentum, and relative strength improve.",No swing hold plan right now.,No position.,primary trend up; constructive RSI; MACD improving,MIXED,57
TSLA,HOLD_TREND,Existing uptrend,45,381.03,66.6,365.93,363.27,381.03,375.2,383.94,363.27,407.67,434.31,4.66,3,35586903,-0.103,"Good existing trend, but wait for a cleaner entry before starting new size.",Plan for 2-8 weeks. Stay only while price respects the stop and trend stays intact.,No position.,constructive RSI; MACD improving; 55-day breakout,MIXED,57
CIEN,NO_SETUP,No clean setup,40,441.52,82.7,371.15,380.78,445.18,429.39,447.58,393.01,514.29,587.05,10.99,3,2674307,-0.077,"No new buy until trend, momentum, and relative strength improve.",No swing hold plan right now.,No position.,extended RSI; MACD improving; near 55-day high; volume expansion,MIXED,57
TLN,NO_SETUP,No clean setup,40,369.92,87.1,316.42,323.02,379.27,360.46,374.66,332.05,426.74,483.56,10.24,3,968682,-0.1349,"No new buy until trend, momentum, and relative strength improve.",No swing hold plan right now.,No position.,extended RSI; MACD improving; near 55-day high; volume expansion,MIXED,57
FIX,NO_SETUP,No clean setup,35,1811.81,80.2,1669.51,1673.23,1881.18,1777.18,1829.13,1673.29,2019.6,2227.38,7.65,3,311354,-0.0222,"No new buy until trend, momentum, and relative strength improve.",No swing hold plan right now.,No position.,primary trend up; extended RSI; MACD improving,MIXED,57
AVGO,NO_SETUP,No clean setup,30,377.93,70.4,358.56,367.41,427.76,372.33,380.73,367.41,393.71,409.49,2.78,3,24148115,-0.0842,"No new buy until trend, momentum, and relative strength improve.",No swing hold plan right now.,No position.,constructive RSI; MACD improving,MIXED,57
CASY,EXIT_WARNING,Protect or avoid,30,620.49,51.5,632.99,699.35,875.25,610.8,625.34,699.35,502.19,383.9,-12.71,,804904,-0.346,No new buy. Protect capital until price repairs above EMA50.,No swing hold plan right now.,Reduce or avoid.,constructive RSI; MACD improving,MIXED,57
CW,EXIT_WARNING,Protect or avoid,30,554.05,54.7,558.25,604.78,757.31,546.91,557.62,604.78,477.95,401.86,-9.16,,434140,-0.3196,No new buy. Protect capital until price repairs above EMA50.,No swing hold plan right now.,Reduce or avoid.,constructive RSI; MACD improving,MIXED,57
DECK,EXIT_WARNING,Protect or avoid,30,81.34,62.4,80.62,86.21,103.92,80.34,81.84,86.21,74.03,66.72,-5.99,,3434887,-0.3137,No new buy. Protect capital until price repairs above EMA50.,No swing hold plan right now.,Reduce or avoid.,constructive RSI; MACD improving,MIXED,57
HOOD,EXIT_WARNING,Protect or avoid,30,112.02,41.8,114.03,109.1,124.72,109.22,113.42,109.1,116.4,120.79,2.61,3,21675718,-0.0486,No new buy. Protect capital until price repairs above EMA50.,No swing hold plan right now.,Reduce or avoid.,primary trend up; rising 50 EMA,MIXED,57
LLY,EXIT_WARNING,Protect or avoid,30,1159.73,50.9,1160.18,1161.89,1280.34,1143.91,1167.64,1161.89,1156.48,1153.24,-0.19,,2196550,-0.087,No new buy. Protect capital until price repairs above EMA50.,No swing hold plan right now.,Reduce or avoid.,constructive RSI; MACD improving,MIXED,57
RBLX,HOLD_TREND,Existing uptrend,30,45.56,53.8,44.88,44.75,52.5,44.39,46.14,44.75,46.78,48,1.78,3,11560800,-0.2403,"Good existing trend, but wait for a cleaner entry before starting new size.",Plan for 2-8 weeks. Stay only while price respects the stop and trend stays intact.,No position.,rising 50 EMA; constructive RSI,MIXED,57
RKLB,NO_SETUP,No clean setup,30,74.61,65.9,70.37,72.27,82.83,72.58,75.63,72.27,78.13,81.64,3.14,3,21417001,-0.0959,"No new buy until trend, momentum, and relative strength improve.",No swing hold plan right now.,No position.,constructive RSI; MACD improving,MIXED,57
SNDK,EXIT_WARNING,Protect or avoid,30,1660.78,41.4,1698.14,1632.14,1887.04,1619.39,1681.48,1632.14,1703.73,1746.69,1.72,3,8628217,-0.0761,No new buy. Protect capital until price repairs above EMA50.,No swing hold plan right now.,Reduce or avoid.,primary trend up; rising 50 EMA,MIXED,57
ABNB,EXIT_WARNING,Protect or avoid,25,160.73,46.1,163.69,164.45,190.5,158.19,162,164.45,155.14,149.56,-2.32,,4817057,0.0302,No new buy. Protect capital until price repairs above EMA50.,No swing hold plan right now.,Reduce or avoid.,MACD improving; outperforming benchmark,MIXED,57
COIN,NO_SETUP,No clean setup,25,185.04,45.9,186.28,179.14,201.07,179.61,187.75,179.14,193.89,202.75,3.19,3,9556159,0.1076,"No new buy until trend, momentum, and relative strength improve.",No swing hold plan right now.,No position.,rising 50 EMA; outperforming benchmark,MIXED,57
IONQ,HOLD_TREND,Existing uptrend,25,43.27,55.9,42.22,42.06,46.84,41.99,43.91,42.06,45.09,46.9,2.8,3,23646171,0.0447,"Good existing trend, but wait for a cleaner entry before starting new size.",Plan for 2-8 weeks. Stay only while price respects the stop and trend stays intact.,No position.,constructive RSI; outperforming benchmark,MIXED,57
ORCL,EXIT_WARNING,Protect or avoid,25,144.95,57.1,143.19,146.07,162.52,141.92,146.46,146.07,143.26,141.57,-0.78,,34672031,0.0337,No new buy. Protect capital until price repairs above EMA50.,No swing hold plan right now.,Reduce or avoid.,constructive RSI; outperforming benchmark,MIXED,57
PATH,EXIT_WARNING,Protect or avoid,25,13.01,43.8,13.51,13.82,18.67,12.71,13.15,13.82,11.78,10.55,-6.29,,46048678,0.0292,No new buy. Protect capital until price repairs above EMA50.,No swing hold plan right now.,Reduce or avoid.,MACD improving; outperforming benchmark,MIXED,57
ONON,NO_SETUP,No clean setup,20,33.01,84.8,29.93,30.96,38.78,32.43,33.29,30.96,36.07,39.14,6.19,3,12457766,-0.1978,"No new buy until trend, momentum, and relative strength improve.",No swing hold plan right now.,No position.,extended RSI; MACD improving,MIXED,57
HIMS,EXIT_WARNING,Protect or avoid,15,29.29,52.1,29.1,29.41,33.78,28.51,29.68,29.41,29.11,28.93,-0.41,,9518576,-0.2163,No new buy. Protect capital until price repairs above EMA50.,No swing hold plan right now.,Reduce or avoid.,constructive RSI,MIXED,57
RDDT,EXIT_WARNING,Protect or avoid,15,149.09,48.1,150.99,156.15,185.84,145.86,150.7,156.15,138.5,127.9,-4.74,,4803857,-0.3262,No new buy. Protect capital until price repairs above EMA50.,No swing hold plan right now.,Reduce or avoid.,MACD improving,MIXED,57
UBER,EXIT_WARNING,Protect or avoid,15,68.88,42.9,70.29,71.99,80.35,68.09,69.27,71.99,64.21,59.54,-4.52,,18548379,-0.1407,No new buy. Protect capital until price repairs above EMA50.,No swing hold plan right now.,Reduce or avoid.,MACD improving,MIXED,57
UPST,EXIT_WARNING,Protect or avoid,15,23.84,45.3,24.72,26.75,31.09,23.3,24.11,26.75,19.48,15.12,-12.2,,4496989,-0.3104,No new buy. Protect capital until price repairs above EMA50.,No swing hold plan right now.,Reduce or avoid.,MACD improving,MIXED,57
WDC,EXIT_WARNING,Protect or avoid,10,409.93,35.8,446.12,464.34,558.3,394.81,417.49,464.34,328.32,246.71,-13.27,,8268384,-0.3304,No new buy. Protect capital until price repairs above EMA50.,No swing hold plan right now.,Reduce or avoid.,volume expansion,MIXED,57
APP,EXIT_WARNING,Protect or avoid,0,279.57,33.2,303.33,335.27,428.69,272.39,283.16,335.27,196.03,112.48,-19.92,,5412898,-0.4369,No new buy. Protect capital until price repairs above EMA50.,No swing hold plan right now.,Reduce or avoid.,No technical edge,MIXED,57
C,EXIT_WARNING,Protect or avoid,0,128.22,34.5,131.55,133.05,139.33,126.79,128.93,133.05,120.97,113.72,-3.77,,9733313,-0.157,No new buy. Protect capital until price repairs above EMA50.,No swing hold plan right now.,Reduce or avoid.,No technical edge,MIXED,57
CAVA,EXIT_WARNING,Protect or avoid,0,52.44,38.3,54.78,60.05,74.42,51.33,52.99,60.05,41.02,29.61,-14.51,,3957389,-0.3453,No new buy. Protect capital until price repairs above EMA50.,No swing hold plan right now.,Reduce or avoid.,No technical edge,MIXED,57
CELH,EXIT_WARNING,Protect or avoid,0,27.25,39.8,28.21,29.13,35.34,26.69,27.52,29.13,24.41,21.58,-6.94,,7156097,-0.1549,No new buy. Protect capital until price repairs above EMA50.,No swing hold plan right now.,Reduce or avoid.,No technical edge,MIXED,57
CMG,EXIT_WARNING,Protect or avoid,0,30.92,25.1,32.95,33.89,38.52,30.35,31.21,33.89,26.48,22.04,-9.57,,15085372,-0.224,No new buy. Protect capital until price repairs above EMA50.,No swing hold plan right now.,Reduce or avoid.,No technical edge,MIXED,57
DKNG,EXIT_WARNING,Protect or avoid,0,19.66,37.1,21.28,22.86,26.17,19.07,19.95,22.86,14.84,10.03,-16.32,,15335951,-0.3251,No new buy. Protect capital until price repairs above EMA50.,No swing hold plan right now.,Reduce or avoid.,No technical edge,MIXED,57
MDB,EXIT_WARNING,Protect or avoid,0,360.57,42.7,375.99,378.19,472.29,347.66,367.03,378.19,334.13,307.7,-4.89,,3112339,-0.0014,No new buy. Protect capital until price repairs above EMA50.,No swing hold plan right now.,Reduce or avoid.,No technical edge,MIXED,57
NFLX,EXIT_WARNING,Protect or avoid,0,68.61,36.5,71.82,74.61,82.73,67.8,69.02,74.61,59.62,50.63,-8.74,,35219747,-0.1389,No new buy. Protect capital until price repairs above EMA50.,No swing hold plan right now.,Reduce or avoid.,No technical edge,MIXED,57
NVO,EXIT_WARNING,Protect or avoid,0,37.49,23.8,40.04,42.86,51.61,37.05,37.7,42.86,29.42,21.35,-14.35,,14656790,-0.3076,No new buy. Protect capital until price repairs above EMA50.,No swing hold plan right now.,Reduce or avoid.,No technical edge,MIXED,57
PSTG,ERROR,,0,,,,,,,,,,,,,,,,,,PSTG data request failed: 404,,
RBA,EXIT_WARNING,Protect or avoid,0,80.79,34.4,82.89,88.1,116.59,79.76,81.31,88.1,69.82,58.86,-9.05,,1730492,-0.3255,No new buy. Protect capital until price repairs above EMA50.,No swing hold plan right now.,Reduce or avoid.,No technical edge,MIXED,57
SOFI,EXIT_WARNING,Protect or avoid,0,15.81,32.4,16.54,17.11,19.18,15.54,15.94,17.11,13.85,11.9,-8.23,,45999564,-0.1965,No new buy. Protect capital until price repairs above EMA50.,No swing hold plan right now.,Reduce or avoid.,No technical edge,MIXED,57
SQ,ERROR,,0,,,,,,,,,,,,,,,,,,SQ data request failed: 404,,
TTD,EXIT_WARNING,Protect or avoid,0,11.93,20.9,12.92,14.39,19.34,11.71,12.03,14.39,8.23,4.54,-20.65,,25537413,-0.4657,No new buy. Protect capital until price repairs above EMA50.,No swing hold plan right now.,Reduce or avoid.,No technical edge,MIXED,57
VKTX,EXIT_WARNING,Protect or avoid,0,28.32,32.2,32.23,33.07,41.65,27.07,28.94,33.07,21.19,14.06,-16.78,,8592864,-0.3253,No new buy. Protect capital until price repairs above EMA50.,No swing hold plan right now.,Reduce or avoid.,No technical edge,MIXED,57